Description,Category,Sub_Category
McDonald's,,
Starbucks,,
Subway,,
Taco Bell,,
Burger King,,
Wendy's,,
Dunkin' (formerly Dunkin' Donuts),,
Domino's Pizza,,
Pizza Hut,,
KFC (Kentucky Fried Chicken),,
Chick-fil-A,,
Sonic Drive-In,,
Panera Bread,,
Chipotle Mexican Grill,,
Popeyes Louisiana Kitchen,,
Little Caesars,,
Panda Express,,
Jimmy John's,,
Dairy Queen,,
Arby's,,
Five Guys,,
In-N-Out Burger,,
Jack in the Box,,
Hardee's / Carl's Jr.,,
Papa John's,,
Baskin-Robbins,,
Auntie Anne's,,
Jersey Mike's Subs,,
Krispy Kreme,,
Shake Shack,,
Tim Hortons,,
Bojangles' Famous Chicken 'n Biscuits,,
Raising Cane's Chicken Fingers,,
White Castle,,
Whataburger,,
Zaxby's,,
Culver's,,
Checkers / Rally's,,
Qdoba Mexican Eats,,
Blaze Pizza,,
El Pollo Loco,,
Church's Chicken,,
Wingstop,,
Noodles & Company,,
Moe's Southwest Grill,,
Firehouse Subs,,
Del Taco,,
Jason's Deli,,
MOD Pizza,,
Boston Market,,
Smoothie King,,
Dairy Queen / Orange Julius,,
The Cheesecake Factory,,
Long John Silver's,,
Cinnabon,,
Red Lobster,,
Olive Garden,,
Applebee's,,
Outback Steakhouse,,
Buffalo Wild Wings,,
Dave & Buster's,,
Panda Express,,
Waffle House,,
Auntie Anne's,,
Jersey Mike's Subs,,
Krispy Kreme,,
Blaze Pizza,,
Smashburger,,
Culver's,,
Zaxby's,,
Raising Cane's Chicken Fingers,,
Wingstop,,
El Pollo Loco,,
Noodles & Company,,
Moe's Southwest Grill,,
Firehouse Subs,,
Del Taco,,
Jason's Deli,,
MOD Pizza,,
Boston Market,,
Smoothie King,,
Dairy Queen / Orange Julius,,
The Cheesecake Factory,,
Long John Silver's,,
Cinnabon,,
Red Lobster,,
Olive Garden,,
Applebee's,,
Outback Steakhouse,,
Buffalo Wild Wings,,
Dave & Buster's,,
IHOP (International House of Pancakes),,
Chili's Grill & Bar,,
P.F. Chang's,,
Red Robin,,
TGI Fridays,,
Cheesecake Factory,,
BJ's Restaurant & Brewhouse,,
Olive Garden,,
Texas Roadhouse,,
Cracker Barrel,,
Ruby Tuesday,,
Buffalo Wild Wings,,
Panera Bread,,
Denny's,,
Golden Corral,,
Famous Dave's,,
Maggiano's Little Italy,,
Bonefish Grill,,
Hard Rock Cafe,,
O'Charley's,,
Perkins Restaurant & Bakery,,
Sizzler,,
Uno Pizzeria & Grill,,
Panda Express,,
Corner Bakery Cafe,,
Noodles & Company,,
First Watch,,
Mellow Mushroom,,
Pei Wei Asian Diner,,
Bojangles' Famous Chicken 'n Biscuits,,
MOD Pizza,,
Jollibee,,
Tropical Smoothie Cafe,,
Brio Tuscan Grille,,
Schlotzsky's,,
Captain D's,,
Zaxby's,,
Pollo Tropical,,
Whataburger,,
Dickey's Barbecue Pit,,
Rubio's Coastal Grill,,
Wingstop,,
Baja Fresh,,
Moe's Southwest Grill,,
Jersey Mike's Subs,,
Naf Naf Grill,,
Salata,,
Taco Cabana,,
Shake Shack,,
Zoes Kitchen,,
Freddy's Frozen Custard & Steakburgers,,
Raising Cane's Chicken Fingers,,
Dickey's Barbecue Pit,,
Jamba Juice,,
Peet's Coffee,,
Potbelly Sandwich Shop,,
Einstein Bros. Bagels,,
Smoothie King,,
Cold Stone Creamery,,
Starbucks,,
Dunkin' (formerly Dunkin' Donuts),,
Tim Hortons,,
Dutch Bros. Coffee,,
The Coffee Bean & Tea Leaf,,
Scooter's Coffee,,
Caribou Coffee,,
Biggby Coffee,,
PJ's Coffee,,
Gloria Jean's Coffees,,
La Colombe Coffee Roasters,,
It's A Grind Coffee House,,
Maui Wowi Hawaiian,,
Dunn Brothers Coffee,,
The Human Bean,,
Bad Ass Coffee,,
Peet's Coffee,,
Port City Java,,
PJ's Coffee,,
Gloria Jean's Coffees,,
The Coffee Bean & Tea Leaf,,
La Colombe Coffee Roasters,,
It's A Grind Coffee House,,
Maui Wowi Hawaiian,,
Dunn Brothers Coffee,,
The Human Bean,,
Bad Ass Coffee,,
Biggby Coffee,,
Port City Java,,
Dutch Bros. Coffee,,
Scooter's Coffee,,
Starbucks,,
Caribou Coffee,,
Cold Stone Creamery,,
Smoothie King,,
Einstein Bros. Bagels,,
Potbelly Sandwich Shop,,
Jamba Juice,,
Peet's Coffee,,
Tim Hortons,,
Dunkin' (formerly Dunkin' Donuts),,
The Coffee Bean & Tea Leaf,,
PJ's Coffee,,
Gloria Jean's Coffees,,
La Colombe Coffee Roasters,,
It's A Grind Coffee House,,
Maui Wowi Hawaiian,,
Dunn Brothers Coffee,,
The Human Bean,,
Bad Ass Coffee,,
